{
"skeleton": {
	"hash": "e2qPUc/8DaNFrvRT7IGjcsMMzDc",
	"spine": "3.8.99",
	"x": -13.72,
	"y": -9.59,
	"width": 23,
	"height": 28,
	"images": "",
	"audio": ""
},
"bones": [
	{ "name": "root" },
	{ "name": "bullet", "parent": "root" },
	{ "name": "explosion", "parent": "root", "scaleX": 3, "scaleY": 3 }
],
"slots": [
	{ "name": "simple_male/grenade", "bone": "bullet", "attachment": "simple_male/grenade" },
	{ "name": "simple_male/explosion/explosion_0000", "bone": "explosion" }
],
"skins": [
	{
		"name": "default",
		"attachments": {
			"simple_male/explosion/explosion_0000": {
				"simple_male/explosion/explosion_0000": { "y": 26.36, "width": 172, "height": 92 },
				"simple_male/explosion/explosion_0001": { "y": 26.36, "width": 172, "height": 92 },
				"simple_male/explosion/explosion_0002": { "y": 26.36, "width": 172, "height": 92 },
				"simple_male/explosion/explosion_0003": { "y": 26.36, "width": 172, "height": 92 },
				"simple_male/explosion/explosion_0004": { "y": 26.36, "width": 172, "height": 92 },
				"simple_male/explosion/explosion_0005": { "y": 26.36, "width": 172, "height": 92 },
				"simple_male/explosion/explosion_0006": { "y": 26.36, "width": 172, "height": 92 },
				"simple_male/explosion/explosion_0007": { "y": 26.36, "width": 172, "height": 92 },
				"simple_male/explosion/explosion_0008": { "y": 26.36, "width": 172, "height": 92 },
				"simple_male/explosion/explosion_0009": { "y": 26.36, "width": 172, "height": 92 },
				"simple_male/explosion/explosion_0010": {
					"type": "mesh",
					"uvs": [ 0.36914, 0.87443, 0.31576, 0.88108, 0.27129, 0.86112, 0.21078, 0.82967, 0.16611, 0.80184, 0.15466, 0.76758, 0.15809, 0.73332, 0.13633, 0.64766, 0.12488, 0.57914, 0.1432, 0.5149, 0.16955, 0.48492, 0.18902, 0.43353, 0.22109, 0.40356, 0.25087, 0.40356, 0.27377, 0.45495, 0.28866, 0.52561, 0.31042, 0.52775, 0.3402, 0.49349, 0.31959, 0.43353, 0.32531, 0.36287, 0.33677, 0.27936, 0.36196, 0.23011, 0.39518, 0.17872, 0.42152, 0.1723, 0.44901, 0.10377, 0.48566, 0.07594, 0.52002, 0.06523, 0.56011, 0.09307, 0.59447, 0.13589, 0.63456, 0.17015, 0.67808, 0.2087, 0.70099, 0.25366, 0.71015, 0.29221, 0.72917, 0.35224, 0.7326, 0.42505, 0.7349, 0.47644, 0.71657, 0.50856, 0.74177, 0.52355, 0.76811, 0.50213, 0.79445, 0.52997, 0.8208, 0.58778, 0.82423, 0.64774, 0.82194, 0.69057, 0.83225, 0.74196, 0.83912, 0.79977, 0.81622, 0.8426, 0.78415, 0.87258, 0.75093, 0.90256, 0.71657, 0.91112, 0.68336, 0.89399, 0.66159, 0.89185, 0.64098, 0.92183, 0.61349, 0.93253, 0.58371, 0.94538, 0.55279, 0.96465, 0.51499, 0.96037, 0.47719, 0.9411, 0.45085, 0.94966, 0.41763, 0.93467, 0.39129, 0.92397, 0.16795, 0.56851, 0.22751, 0.51926, 0.26645, 0.60063, 0.21491, 0.65845, 0.26759, 0.76551, 0.20231, 0.76337, 0.34548, 0.62205, 0.38442, 0.76337, 0.46116, 0.7805, 0.57798, 0.80834, 0.50353, 0.87258, 0.5001, 0.70341, 0.39816, 0.55567, 0.40274, 0.43575, 0.48177, 0.44646, 0.47834, 0.33511, 0.60089, 0.31156, 0.57111, 0.39293, 0.6341, 0.50642, 0.53446, 0.55781, 0.48521, 0.62847, 0.61578, 0.66273, 0.73833, 0.61776, 0.77498, 0.65845, 0.76696, 0.79977, 0.77269, 0.5728, 0.64899, 0.78907, 0.69481, 0.73339 ],
					"triangles": [ 76, 28, 29, 76, 29, 30, 75, 24, 25, 23, 24, 75, 25, 26, 27, 75, 25, 27, 76, 75, 27, 76, 77, 75, 28, 76, 27, 21, 23, 75, 23, 21, 22, 73, 21, 75, 20, 21, 73, 19, 20, 73, 18, 19, 73, 74, 75, 77, 73, 75, 74, 17, 18, 73, 76, 32, 78, 31, 76, 30, 32, 76, 31, 78, 32, 33, 78, 33, 34, 36, 78, 34, 77, 76, 78, 35, 36, 34, 61, 12, 13, 61, 13, 14, 11, 12, 61, 10, 11, 61, 61, 14, 15, 72, 17, 73, 72, 73, 74, 79, 74, 77, 79, 77, 78, 60, 9, 10, 60, 10, 61, 85, 38, 39, 37, 38, 85, 8, 9, 60, 85, 39, 40, 62, 61, 15, 82, 36, 37, 82, 37, 85, 66, 17, 72, 16, 17, 66, 80, 74, 79, 72, 74, 80, 7, 8, 60, 63, 60, 61, 63, 61, 62, 7, 60, 63, 83, 85, 40, 83, 40, 41, 82, 85, 83, 81, 79, 78, 42, 83, 41, 71, 80, 79, 71, 79, 81, 6, 7, 63, 78, 82, 81, 82, 78, 36, 87, 81, 82, 65, 6, 63, 67, 66, 72, 67, 72, 80, 68, 67, 80, 62, 66, 64, 63, 62, 64, 65, 63, 64, 16, 62, 15, 66, 62, 16, 5, 6, 65, 71, 68, 80, 86, 81, 87, 83, 87, 82, 84, 83, 42, 84, 42, 43, 45, 84, 43, 84, 87, 83, 4, 5, 65, 69, 71, 81, 69, 81, 86, 3, 65, 64, 4, 65, 3, 44, 45, 43, 2, 64, 1, 67, 64, 66, 3, 64, 2, 46, 84, 45, 70, 71, 69, 68, 71, 70, 64, 67, 1, 67, 0, 1, 49, 50, 86, 87, 49, 86, 84, 49, 87, 49, 84, 48, 46, 47, 84, 47, 48, 84, 86, 52, 69, 51, 86, 50, 67, 58, 0, 67, 68, 58, 58, 59, 0, 51, 52, 86, 58, 68, 57, 70, 56, 68, 53, 69, 52, 54, 70, 69, 56, 57, 68, 54, 55, 70, 56, 70, 55, 69, 53, 54 ],
					"vertices": [ -22.51, -8.08, -31.69, -8.7, -39.34, -6.86, -49.75, -3.97, -57.43, -1.41, -59.4, 1.75, -58.81, 4.9, -62.55, 12.78, -64.52, 19.08, -61.37, 24.99, -56.84, 27.75, -53.49, 32.48, -47.97, 35.24, -42.85, 35.24, -38.91, 30.51, -36.35, 24.01, -32.61, 23.81, -27.48, 26.96, -31.03, 32.48, -30.05, 38.98, -28.08, 46.66, -23.74, 51.19, -18.03, 55.92, -13.5, 56.51, -8.77, 62.82, -2.47, 65.38, 3.44, 66.36, 10.34, 63.8, 16.25, 59.86, 23.14, 56.71, 30.63, 53.16, 34.57, 49.03, 36.15, 45.48, 39.42, 39.96, 40.01, 33.26, 40.4, 28.53, 37.25, 25.58, 41.58, 24.2, 46.12, 26.17, 50.65, 23.61, 55.18, 18.29, 55.77, 12.77, 55.37, 8.83, 57.15, 4.1, 58.33, -1.22, 54.39, -5.16, 48.87, -7.91, 43.16, -10.67, 37.25, -11.46, 31.54, -9.88, 27.79, -9.69, 24.25, -12.44, 19.52, -13.43, 14.4, -14.61, 9.08, -16.38, 2.58, -15.99, -3.92, -14.22, -8.45, -15.01, -14.17, -13.63, -18.7, -12.64, -57.11, 20.06, -46.87, 24.59, -40.17, 17.11, -49.04, 11.79, -39.97, 1.94, -51.2, 2.13, -26.58, 15.14, -19.88, 2.13, -6.68, 0.56, 13.41, -2, 0.61, -7.91, 0.02, 7.65, -17.52, 21.24, -16.73, 32.27, -3.13, 31.29, -3.73, 41.53, 17.35, 43.7, 12.23, 36.21, 23.07, 25.77, 5.93, 21.05, -2.54, 14.54, 19.91, 11.39, 40.99, 15.53, 47.3, 11.79, 45.92, -1.22, 46.9, 19.67, 25.63, -0.23, 33.51, 4.89 ],
					"hull": 60,
					"edges": [ 0, 2, 2, 4, 4, 6, 6, 8, 8, 10, 10, 12, 12, 14, 14, 16, 16, 18, 18, 20, 20, 22, 22, 24, 24, 26, 26, 28, 28, 30, 30, 32, 32, 34, 34, 36, 36, 38, 38, 40, 40, 42, 42, 44, 44, 46, 46, 48, 48, 50, 50, 52, 52, 54, 54, 56, 56, 58, 58, 60, 60, 62, 62, 64, 64, 66, 66, 68, 68, 70, 70, 72, 72, 74, 74, 76, 76, 78, 78, 80, 80, 82, 82, 84, 84, 86, 86, 88, 88, 90, 90, 92, 92, 94, 94, 96, 96, 98, 98, 100, 100, 102, 102, 104, 104, 106, 106, 108, 108, 110, 110, 112, 112, 114, 114, 116, 116, 118, 0, 118 ],
					"width": 172,
					"height": 92
				}
			},
			"simple_male/grenade": {
				"simple_male/grenade": { "x": -2.22, "y": 4.41, "width": 23, "height": 28 }
			}
		}
	}
],
"animations": {
	"attack": {
		"slots": {
			"simple_male/explosion/explosion_0000": {
				"color": [
					{ "time": 0.3333, "color": "ffffffff" },
					{ "time": 0.6667, "color": "ffffff00" }
				],
				"attachment": [
					{ "name": "simple_male/explosion/explosion_0000" },
					{ "time": 0.0333, "name": "simple_male/explosion/explosion_0001" },
					{ "time": 0.0667, "name": "simple_male/explosion/explosion_0002" },
					{ "time": 0.1, "name": "simple_male/explosion/explosion_0003" },
					{ "time": 0.1333, "name": "simple_male/explosion/explosion_0004" },
					{ "time": 0.1667, "name": "simple_male/explosion/explosion_0005" },
					{ "time": 0.2, "name": "simple_male/explosion/explosion_0006" },
					{ "time": 0.2333, "name": "simple_male/explosion/explosion_0007" },
					{ "time": 0.2667, "name": "simple_male/explosion/explosion_0008" },
					{ "time": 0.3, "name": "simple_male/explosion/explosion_0009" },
					{ "time": 0.3333, "name": "simple_male/explosion/explosion_0010" },
					{ "time": 0.6667, "name": null }
				]
			},
			"simple_male/grenade": {
				"attachment": [
					{ "name": null }
				]
			}
		},
		"deform": {
			"default": {
				"simple_male/explosion/explosion_0000": {
					"simple_male/explosion/explosion_0010": [
						{ "time": 0.3333 },
						{
							"time": 0.6667,